IIP ID,Language,Region,Material,Text_Genre,City,Religion,Time
idum0020,Aramaic,Negev,clay,legal/economic,Other,unknown,-354.0
masa0796,Greek,Judaea,clay,label,Other,other_religion,26.0
masa0795,Greek,Judaea,clay,label,Other,other_religion,27.0
mger0128,Aramaic,Samaria,stone,dedicatory,Other,jewish,-400.0
mogh0001,Greek,Coastal Plain,marble,other/unkown,Other,unknown,515.0
odob0001,Greek,Negev,marble,funerary,Other,christian,581.0
odob0003,Greek,Negev,marble,funerary,Other,christian,541.0
odob0002,Greek,Negev,marble,funerary,Other,christian,550.0
odob0005,Greek,Negev,marble,funerary,Other,christian,576.0
odob0018,Greek,Negev,limestone,funerary,Other,christian,590.0
qana0001,Greek,Other,stone,dedicatory,Other,unknown,69.0
reho0002,Greek,Negev,limestone,funerary,Other,christian,542.0
reho0001,Greek,Negev,marble,funerary,Other,christian,530.0
saur0001,Greek,Other,stone,funerary,Other,unknown,73.0
saur0002,Greek,Other,stone,dedicatory,Other,unknown,81.0
shiv0002,Greek,Negev,stone,funerary,Other,christian,630.0
shiv0003,Greek,Negev,stone,funerary,Other,christian,639.0
sina0107,Aramaic,Other,stone,other/unkown,Other,other_religion,223.0
suhm0001,Greek,Coastal Plain,Other,dedicatory,Other,christian,555.0
suhm0002,Greek,Coastal Plain,Other,dedicatory,Other,christian,555.0
surm0003,Greek,Golan,Other,funerary,Other,unknown,303.0
susi0005,Greek,Galilee,,dedicatory,Other,christian,591.0
szio0002,Greek,Coastal Plain,Other,dedicatory,Other,christian,486.0
szio0001,Greek,Coastal Plain,Other,dedicatory,Other,christian,486.0
tsha0002,Latin,Jordan,stone,other/unkown,Other,other_religion,136.0
ummq0002,Greek,Jordan,stone,dedicatory,Other,unknown,139.0
unkn0130,Latin,Other,metal,legal/economic,Other,other_religion,90.0
zoor0002,Greek,Negev,stone,funerary,Other,christian,402.0
zoor0001,Greek,Negev,stone,funerary,Other,unknown,309.0
zoor0005,Greek,Negev,stone,funerary,Other,unknown,334.0
zoor0006,Greek,Negev,,funerary,Other,unknown,345.0
zoor0007,Greek,Negev,,funerary,Other,unknown,345.0
zoor0011,Greek,Negev,stone,funerary,Other,christian,349.0
zoor0014,Greek,Negev,,funerary,Other,christian,355.0
zoor0010,Greek,Negev,,funerary,Other,unknown,349.0
zoor0022,Greek,Negev,,funerary,Other,christian,363.0
zoor0023,Greek,Negev,,funerary,Other,christian,363.0
zoor0024,Greek,Negev,stone,funerary,Other,christian,363.0
zoor0016,Greek,Negev,,funerary,Other,christian,356.0
zoor0019,Greek,Negev,stone,funerary,Other,christian,359.0
zoor0025,Greek,Negev,,funerary,Other,christian,366.0
zoor0017,Greek,Negev,,funerary,Other,unknown,358.0
zoor0021,Greek,Negev,,funerary,Other,christian,361.0
zoor0027,Greek,Negev,,funerary,Other,christian,369.0
zoor0028,Greek,Negev,stone,funerary,Other,christian,370.0
zoor0035,Greek,Negev,stone,funerary,Other,unknown,375.0
zoor0033,Greek,Negev,,funerary,Other,christian,373.0
zoor0031,Greek,Negev,,funerary,Other,christian,372.0
zoor0029,Greek,Negev,,funerary,Other,christian,370.0
zoor0046,Greek,Negev,,funerary,Other,christian,384.0
zoor0038,Greek,Negev,,funerary,Other,christian,378.0
zoor0045,Greek,Negev,,funerary,Other,christian,383.0
zoor0044,Greek,Negev,,funerary,Other,christian,383.0
zoor0039,Greek,Negev,,funerary,Other,christian,379.0
zoor0037,Greek,Negev,stone,funerary,Other,christian,378.0
zoor0043,Greek,Negev,,funerary,Other,christian,383.0
zoor0040,Greek,Negev,stone,funerary,Other,christian,382.0
zoor0036,Greek,Negev,,funerary,Other,unknown,376.0
zoor0051,Greek,Negev,,funerary,Other,christian,386.0
zoor0054,Greek,Negev,,funerary,Other,christian,387.0
zoor0050,Greek,Negev,,funerary,Other,christian,385.0
zoor0052,Greek,Negev,,funerary,Other,christian,386.0
zoor0048,Greek,Negev,,funerary,Other,christian,385.0
zoor0047,Greek,Negev,stone,funerary,Other,christian,385.0
zoor0049,Greek,Negev,,funerary,Other,christian,385.0
zoor0061,Greek,Negev,,funerary,Other,christian,389.0
zoor0063,Greek,Negev,stone,funerary,Other,christian,391.0
zoor0060,Greek,Negev,stone,funerary,Other,christian,389.0
zoor0057,Greek,Negev,,funerary,Other,christian,387.0
zoor0056,Greek,Negev,,funerary,Other,christian,387.0
zoor0058,Greek,Negev,,funerary,Other,christian,388.0
zoor0059,Greek,Negev,,funerary,Other,christian,388.0
zoor0064,Greek,Negev,,funerary,Other,christian,391.0
zoor0073,Greek,Negev,,funerary,Other,christian,395.0
zoor0069,Greek,Negev,,funerary,Other,christian,393.0
zoor0070,Greek,Negev,,funerary,Other,christian,394.0
zoor0071,Greek,Negev,,funerary,Other,christian,394.0
zoor0072,Greek,Negev,,funerary,Other,christian,395.0
zoor0065,Greek,Negev,,funerary,Other,christian,391.0
zoor0066,Greek,Negev,,funerary,Other,christian,391.0
zoor0080,Greek,Negev,,funerary,Other,christian,400.0
zoor0078,Greek,Negev,,funerary,Other,christian,397.0
zoor0077,Greek,Negev,,funerary,Other,christian,395.0
zoor0079,Greek,Negev,,funerary,Other,christian,398.0
zoor0082,Greek,Negev,,funerary,Other,christian,404.0
zoor0074,Greek,Negev,,funerary,Other,christian,395.0
zoor0075,Greek,Negev,stone,funerary,Other,christian,395.0
zoor0081,Greek,Negev,,funerary,Other,christian,403.0
zoor0076,Greek,Negev,,funerary,Other,christian,395.0
zoor0089,Greek,Negev,stone,funerary,Other,christian,405.0
zoor0091,Greek,Negev,,funerary,Other,christian,405.0
zoor0086,Greek,Negev,stone,funerary,Other,christian,404.0
zoor0084,Greek,Negev,,funerary,Other,christian,404.0
zoor0085,Greek,Negev,,funerary,Other,christian,404.0
zoor0088,Greek,Negev,,funerary,Other,christian,405.0
zoor0090,Greek,Negev,,funerary,Other,christian,405.0
zoor0098,Greek,Negev,,funerary,Other,christian,411.0
zoor0096,Greek,Negev,,funerary,Other,christian,409.0
zoor0095,Greek,Negev,,funerary,Other,christian,408.0
zoor0093,Greek,Negev,,funerary,Other,christian,407.0
zoor0092,Greek,Negev,,funerary,Other,christian,406.0
zoor0100,Greek,Negev,stone,funerary,Other,christian,412.0
zoor0094,Greek,Negev,,funerary,Other,christian,407.0
zoor0097,Greek,Negev,,funerary,Other,christian,411.0
zoor0099,Greek,Negev,stone,funerary,Other,christian,411.0
zoor0101,Greek,Negev,,funerary,Other,christian,412.0
zoor0102,Greek,Negev,,funerary,Other,christian,413.0
zoor0108,Greek,Negev,,funerary,Other,christian,415.0
zoor0109,Greek,Negev,,funerary,Other,christian,415.0
zoor0103,Greek,Negev,,funerary,Other,christian,413.0
zoor0105,Greek,Negev,,funerary,Other,christian,413.0
zoor0106,Greek,Negev,stone,funerary,Other,christian,414.0
zoor0107,Greek,Negev,stone,funerary,Other,christian,415.0
zoor0104,Greek,Negev,limestone,funerary,Other,christian,413.0
zoor0112,Greek,Negev,,funerary,Other,christian,416.0
zoor0113,Greek,Negev,,funerary,Other,christian,417.0
zoor0111,Greek,Negev,,funerary,Other,christian,416.0
zoor0117,Greek,Negev,,funerary,Other,christian,418.0
zoor0110,Greek,Negev,,funerary,Other,christian,416.0
zoor0116,Greek,Negev,stone,funerary,Other,christian,418.0
zoor0118,Greek,Negev,,funerary,Other,christian,419.0
zoor0114,Greek,Negev,,funerary,Other,christian,417.0
zoor0122,Greek,Negev,,funerary,Other,christian,423.0
zoor0123,Greek,Negev,,funerary,Other,christian,424.0
zoor0120,Greek,Negev,,funerary,Other,christian,422.0
zoor0126,Greek,Negev,,funerary,Other,christian,424.0
zoor0119,Greek,Negev,,funerary,Other,christian,421.0
zoor0124,Greek,Negev,,funerary,Other,christian,424.0
zoor0125,Greek,Negev,stone,funerary,Other,christian,424.0
zoor0127,Greek,Negev,,funerary,Other,christian,424.0
zoor0128,Greek,Negev,,funerary,Other,christian,425.0
zoor0131,Greek,Negev,,funerary,Other,christian,427.0
zoor0130,Greek,Negev,,funerary,Other,christian,425.0
zoor0132,Greek,Negev,,funerary,Other,christian,429.0
zoor0136,Greek,Negev,stone,funerary,Other,christian,431.0
zoor0135,Greek,Negev,,funerary,Other,christian,430.0
zoor0134,Greek,Negev,,funerary,Other,christian,429.0
zoor0137,Greek,Negev,,funerary,Other,christian,431.0
zoor0143,Greek,Negev,,funerary,Other,christian,435.0
zoor0140,Greek,Negev,stone,funerary,Other,christian,434.0
zoor0144,Greek,Negev,,funerary,Other,christian,435.0
zoor0141,Greek,Negev,,funerary,Other,christian,434.0
zoor0142,Greek,Negev,,funerary,Other,christian,434.0
zoor0139,Greek,Negev,,funerary,Other,christian,432.0
zoor0138,Greek,Negev,,funerary,Other,christian,431.0
zoor0150,Greek,Negev,,funerary,Other,christian,436.0
zoor0147,Greek,Negev,,funerary,Other,christian,435.0
zoor0148,Greek,Negev,stone,funerary,Other,christian,436.0
zoor0151,Greek,Negev,,funerary,Other,christian,436.0
zoor0153,Greek,Negev,,funerary,Other,christian,437.0
zoor0152,Greek,Negev,,funerary,Other,christian,436.0
zoor0149,Greek,Negev,stone,funerary,Other,christian,436.0
zoor0146,Greek,Negev,,funerary,Other,christian,435.0
zoor0156,Greek,Negev,,funerary,Other,christian,438.0
zoor0162,Greek,Negev,,funerary,Other,christian,439.0
zoor0158,Greek,Negev,,funerary,Other,christian,438.0
zoor0157,Greek,Negev,,funerary,Other,christian,438.0
zoor0160,Greek,Negev,,funerary,Other,christian,439.0
zoor0161,Greek,Negev,,funerary,Other,christian,439.0
zoor0155,Greek,Negev,,funerary,Other,christian,437.0
zoor0163,Greek,Negev,stone,funerary,Other,christian,440.0
zoor0159,Greek,Negev,,funerary,Other,christian,439.0
zoor0169,Greek,Negev,,funerary,Other,christian,442.0
zoor0164,Greek,Negev,,funerary,Other,christian,440.0
zoor0167,Greek,Negev,,funerary,Other,christian,441.0
zoor0173,Greek,Negev,,funerary,Other,christian,443.0
zoor0171,Greek,Negev,,funerary,Other,christian,443.0
zoor0172,Greek,Negev,,funerary,Other,christian,443.0
zoor0166,Greek,Negev,,funerary,Other,christian,441.0
zoor0170,Greek,Negev,stone,funerary,Other,christian,443.0
zoor0175,Greek,Negev,stone,funerary,Other,christian,444.0
zoor0181,Greek,Negev,,funerary,Other,christian,446.0
zoor0179,Greek,Negev,,funerary,Other,christian,445.0
zoor0176,Greek,Negev,,funerary,Other,christian,444.0
zoor0174,Greek,Negev,,funerary,Other,christian,443.0
zoor0182,Greek,Negev,stone,funerary,Other,christian,448.0
zoor0180,Greek,Negev,,funerary,Other,christian,445.0
zoor0177,Greek,Negev,,funerary,Other,christian,444.0
zoor0178,Greek,Negev,,funerary,Other,christian,445.0
zoor0185,Greek,Negev,,funerary,Other,christian,449.0
zoor0190,Greek,Negev,,funerary,Other,christian,451.0
zoor0189,Greek,Negev,,funerary,Other,christian,450.0
zoor0183,Greek,Negev,,funerary,Other,christian,448.0
zoor0191,Greek,Negev,,funerary,Other,christian,452.0
zoor0188,Greek,Negev,,funerary,Other,christian,450.0
zoor0195,Greek,Negev,,funerary,Other,christian,453.0
zoor0198,Greek,Negev,,funerary,Other,christian,454.0
zoor0200,Greek,Negev,,funerary,Other,christian,454.0
zoor0193,Greek,Negev,,funerary,Other,christian,452.0
zoor0197,Greek,Negev,stone,funerary,Other,christian,454.0
zoor0192,Greek,Negev,stone,funerary,Other,christian,452.0
zoor0199,Greek,Negev,stone,funerary,Other,christian,454.0
zoor0194,Greek,Negev,,funerary,Other,christian,453.0
zoor0207,Greek,Negev,,funerary,Other,christian,456.0
zoor0205,Greek,Negev,,funerary,Other,christian,456.0
zoor0208,Greek,Negev,,funerary,Other,christian,461.0
zoor0201,Greek,Negev,,funerary,Other,christian,455.0
zoor0206,Greek,Negev,,funerary,Other,christian,456.0
zoor0204,Greek,Negev,,funerary,Other,christian,456.0
zoor0217,Greek,Negev,,funerary,Other,christian,465.0
zoor0214,Greek,Negev,,funerary,Other,christian,465.0
zoor0220,Greek,Negev,stone,funerary,Other,christian,470.0
zoor0218,Greek,Negev,,funerary,Other,christian,466.0
zoor0210,Greek,Negev,,funerary,Other,christian,462.0
zoor0215,Greek,Negev,,funerary,Other,christian,465.0
zoor0221,Greek,Negev,,funerary,Other,christian,472.0
zoor0229,Greek,Negev,,funerary,Other,christian,475.0
zoor0227,Greek,Negev,,funerary,Other,christian,474.0
zoor0224,Greek,Negev,stone,funerary,Other,christian,473.0
zoor0228,Greek,Negev,,funerary,Other,christian,474.0
zoor0222,Greek,Negev,,funerary,Other,christian,472.0
zoor0223,Greek,Negev,stone,funerary,Other,christian,473.0
zoor0231,Greek,Negev,stone,funerary,Other,christian,476.0
zoor0236,Greek,Negev,,funerary,Other,christian,481.0
zoor0233,Greek,Negev,,funerary,Other,christian,475.0
zoor0235,Greek,Negev,,funerary,Other,christian,481.0
zoor0238,Greek,Negev,stone,funerary,Other,christian,484.0
zoor0234,Greek,Negev,stone,funerary,Other,christian,475.0
zoor0237,Greek,Negev,stone,funerary,Other,christian,482.0
zoor0232,Greek,Negev,,funerary,Other,christian,476.0
zoor0230,Greek,Negev,stone,funerary,Other,christian,475.0
zoor0241,Greek,Negev,,funerary,Other,christian,485.0
zoor0244,Greek,Negev,,funerary,Other,christian,486.0
zoor0246,Greek,Negev,stone,funerary,Other,christian,489.0
zoor0247,Greek,Negev,,funerary,Other,christian,494.0
zoor0240,Greek,Negev,stone,funerary,Other,christian,484.0
zoor0239,Greek,Negev,,funerary,Other,christian,484.0
zoor0245,Greek,Negev,stone,funerary,Other,christian,489.0
zoor0252,Greek,Negev,,funerary,Other,christian,499.0
zoor0248,Greek,Negev,,funerary,Other,christian,494.0
zoor0253,Greek,Negev,,funerary,Other,christian,502.0
zoor0254,Greek,Negev,,funerary,Other,christian,503.0
zoor0250,Greek,Negev,,funerary,Other,christian,495.0
zoor0251,Greek,Negev,stone,funerary,Other,christian,498.0
zoor0260,Greek,Negev,,funerary,Other,christian,571.0
zoor0264,Greek,Negev,marble,funerary,Other,christian,591.0
zoor0258,Greek,Negev,stone,funerary,Other,christian,516.0
zoor0263,Greek,Negev,,funerary,Other,christian,591.0
zoor0259,Greek,Negev,,funerary,Other,christian,516.0
zoor0325,Greek,Negev,stone,funerary,Other,christian,362.0
zoor0323,Greek,Negev,stone,funerary,Other,christian,355.0
zoor0337,Greek,Negev,stone,funerary,Other,christian,441.0
zoor0344,Greek,Negev,stone,funerary,Other,christian,506.0
zoor0341,Greek,Negev,stone,funerary,Other,christian,464.0
zoor0345,Greek,Negev,stone,funerary,Other,christian,511.0
zoor0346,Greek,Negev,stone,funerary,Other,christian,535.0
zoor0343,Greek,Negev,stone,funerary,Other,christian,473.0
zoor0340,Greek,Negev,stone,funerary,Other,christian,459.0
zoor0342,Greek,Negev,stone,funerary,Other,christian,470.0
zoor0347,Greek,Negev,stone,funerary,Other,christian,584.0
zoor0348,Greek,Negev,stone,funerary,Other,christian,363.0
zoor0366,Greek,Negev,stone,funerary,Other,christian,384.0
zoor0373,Greek,Negev,limestone,funerary,Other,christian,428.0
zoor0365,Greek,Negev,stone,funerary,Other,christian,357.0
zoor0382,Greek,Negev,stone,funerary,Other,christian,472.0
zoor0380,Greek,Negev,stone,funerary,Other,christian,468.0
zoor0381,Greek,Negev,stone,funerary,Other,christian,470.0
zoor0379,Greek,Negev,stone,funerary,Other,christian,462.0
zoor0377,Greek,Negev,stone,funerary,Other,christian,444.0
zoor0378,Greek,Negev,stone,funerary,Other,christian,461.0
zoor0375,Greek,Negev,stone,funerary,Other,christian,433.0
zoor0383,Greek,Negev,stone,funerary,Other,christian,493.0
zoor0385,Greek,Negev,stone,funerary,Other,christian,577.0
zoor0386,Greek,Negev,stone,funerary,Other,christian,607.0
zoor0393,Greek,Negev,limestone,funerary,Other,christian,508.0
zoor0400,Aramaic,Negev,stone,funerary,Other,jewish,369.0
zoor0409,Aramaic,Negev,stone,funerary,Other,jewish,415.0
zoor0404,Aramaic,Negev,stone,funerary,Other,jewish,386.0
zoor0407,Aramaic,Negev,stone,funerary,Other,jewish,407.0
zoor0405,Aramaic,Negev,stone,funerary,Other,jewish,392.0
zoor0402,Aramaic,Negev,stone,funerary,Other,jewish,372.0
zoor0401,Aramaic,Negev,stone,funerary,Other,jewish,372.0
zoor0403,Aramaic,Negev,stone,funerary,Other,jewish,374.0
zoor0413,Aramaic,Negev,stone,funerary,Other,jewish,429.0
zoor0418,Aramaic,Negev,stone,funerary,Other,jewish,442.0
zoor0410,Aramaic,Negev,stone,funerary,Other,jewish,415.0
zoor0412,Aramaic,Negev,stone,funerary,Other,jewish,429.0
zoor0411,Aramaic,Negev,stone,funerary,Other,jewish,426.0
zoor0415,Aramaic,Negev,stone,funerary,Other,jewish,433.0
zoor0424,Aramaic,Negev,stone,funerary,Other,jewish,458.0
zoor0420,Aramaic,Negev,stone,funerary,Other,jewish,448.0
zoor0419,Aramaic,Negev,stone,funerary,Other,jewish,443.0
zoor0427,Aramaic,Negev,stone,funerary,Other,jewish,466.0
zoor0422,Aramaic,Negev,stone,funerary,Other,jewish,454.0
zoor0423,Aramaic,Negev,stone,funerary,Other,,454.0
zoor0425,Aramaic,Negev,stone,funerary,Other,jewish,460.0
zoor0434,Aramaic,Negev,stone,funerary,Other,jewish,475.0
zoor0431,Aramaic,Negev,stone,funerary,Other,jewish,469.0
zoor0433,Aramaic,Negev,stone,funerary,Other,jewish,475.0
zoor0432,Aramaic,Negev,stone,funerary,Other,jewish,471.0
zoor0428,Aramaic,Negev,stone,funerary,Other,jewish,466.0
zoor0429,Aramaic,Negev,stone,funerary,Other,jewish,468.0
zoor0436,Aramaic,Negev,stone,funerary,Other,jewish,476.0
zoor0441,Aramaic,Negev,stone,funerary,Other,jewish,514.0
zoor0440,Aramaic,Negev,stone,funerary,Other,jewish,513.0
zoor0438,Aramaic,Negev,stone,funerary,Other,jewish,503.0
zoor0439,Aramaic,Negev,stone,funerary,Other,jewish,504.0
zoor0437,Aramaic,Negev,stone,funerary,Other,jewish,502.0
zoor0458,Aramaic,Negev,stone,funerary,Other,jewish,422.0
zoor0459,Aramaic,Negev,stone,funerary,Other,jewish,429.0
mtgr0001,Latin,Negev,stone,other/unkown,Other,other_religion,200.0
reho0007,Greek,Negev,limestone,funerary,Other,christian,555.0
reho0008,Greek,Negev,limestone,funerary,Other,christian,541.0
odob0015,Greek,Negev,limestone,funerary,Other,christian,617.0
odob0012,Greek,Negev,limestone,funerary,Other,other_religion,241.0
reho0003,Greek,Negev,limestone,funerary,Other,christian,488.0
shiv0005,Greek,Negev,stone,funerary,Other,christian,614.0
shiv0008,Greek,Negev,stone,funerary,Other,christian,582.0
shiv0007,Greek,Negev,stone,funerary,Other,christian,595.0
shiv0009,Greek,Negev,stone,funerary,Other,christian,608.0
shiv0006,Greek,Negev,stone,funerary,Other,christian,597.0
shiv0004,Greek,Negev,stone,funerary,Other,christian,641.0
shiv0010,Greek,Negev,stone,funerary,Other,christian,612.0
shiv0011,Greek,Negev,stone,funerary,Other,christian,618.0
unkn0131,Latin,Other,stone,other/unkown,Other,other_religion,213.0
zoor0145,Greek,Negev,stone,funerary,Other,christian,435.0
zoor0115,Greek,Negev,stone,funerary,Other,christian,417.0
zoor0184,Greek,Negev,stone,funerary,Other,christian,449.0
zoor0129,Greek,Negev,stone,funerary,Other,christian,425.0
zoor0165,Greek,Negev,stone,funerary,Other,christian,440.0
zoor0196,Greek,Negev,stone,funerary,Other,christian,453.0
zoor0203,Greek,Negev,stone,funerary,Other,christian,455.0
zoor0187,Greek,Negev,stone,funerary,Other,christian,449.0
zoor0226,Greek,Negev,stone,funerary,Other,christian,474.0
zoor0242,Greek,Negev,stone,funerary,Other,christian,485.0
zoor0219,Greek,Negev,stone,funerary,Other,christian,468.0
zoor0209,Greek,Negev,stone,funerary,Other,christian,461.0
zoor0257,Greek,Negev,stone,funerary,Other,christian,506.0
zoor0243,Greek,Negev,stone,funerary,Other,christian,485.0
zoor0262,Greek,Negev,stone,funerary,Other,christian,576.0
zoor0261,Greek,Negev,stone,funerary,Other,christian,576.0
zoor0326,Greek,Negev,stone,funerary,Other,christian,372.0
zoor0327,Greek,Negev,stone,funerary,Other,christian,389.0
zoor0328,Greek,Negev,stone,funerary,Other,christian,398.0
zoor0336,Greek,Negev,stone,funerary,Other,christian,440.0
zoor0331,Greek,Negev,stone,funerary,Other,christian,406.0
zoor0334,Greek,Negev,stone,funerary,Other,christian,427.0
zoor0338,Greek,Negev,stone,funerary,Other,christian,443.0
zoor0332,Greek,Negev,stone,funerary,Other,christian,423.0
zoor0330,Greek,Negev,stone,funerary,Other,christian,405.0
zoor0333,Greek,Negev,stone,funerary,Other,christian,422.0
zoor0329,Greek,Negev,stone,funerary,Other,christian,398.0
zoor0335,Greek,Negev,stone,funerary,Other,christian,429.0
zoor0355,Greek,Negev,stone,funerary,Other,christian,415.0
zoor0339,Greek,Negev,stone,funerary,Other,christian,456.0
zoor0371,Greek,Negev,stone,funerary,Other,christian,412.0
zoor0367,Greek,Negev,stone,funerary,Other,christian,390.0
zoor0372,Greek,Negev,stone,funerary,Other,christian,419.0
zoor0370,Greek,Negev,stone,funerary,Other,christian,403.0
zoor0369,Greek,Negev,stone,funerary,Other,christian,396.0
zoor0368,Greek,Negev,stone,funerary,Other,christian,392.0
zoor0374,Greek,Negev,stone,funerary,Other,christian,432.0
zoor0430,Aramaic,Negev,stone,funerary,Other,jewish,468.0
tjez0009,Greek,Galilee,clay,label,Other,unknown,-160.0
tjez0010,Greek,Galilee,clay,label,Other,unknown,-160.0
tjez0004,Greek,Galilee,clay,label,Other,unknown,-119.0
tjez0008,Greek,Galilee,clay,label,Other,unknown,-131.0
rosh0001,Greek,Galilee,clay,label,Other,unknown,-171.0
zoor0067,Greek,Negev,stone,funerary,Other,christian,392.0
zoor0416,Aramaic,Negev,stone,funerary,Other,jewish,438.0
achz0001,Latin,Coastal Plain,stone,other/unkown,Other,other_religion,83.0
arch0002,Greek,Jordan,,dedicatory,Other,christian,570.0
ashd0003,Greek,Coastal Plain,material_unknown,dedicatory,Other,christian,529.0
aris0001,Greek,Judaea,stone,dedicatory,Other,christian,701.0
ashk0005,Greek,Coastal Plain,stone,other/unkown,Other,christian,493.0
ashk0010,Greek,Coastal Plain,marble,dedicatory,Other,other_religion,220.0
ashk0013,Greek,Coastal Plain,material_unknown,other/unkown,Other,christian,543.0
ashk0012,Greek,Coastal Plain,material_unknown,other/unkown,Other,christian,543.0
ashk0011,Greek,Coastal Plain,material_unknown,dedicatory,Other,christian,543.0
bani0004,Greek,Golan,stone,dedicatory,Other,other_religion,148.0
barn0001,Greek,Coastal Plain,material_unknown,dedicatory,Other,christian,498.0
beer0002,Greek,Negev,marble,funerary,Other,christian,606.0
bqut0001,Other,Judaea,,dedicatory,Other,christian,532.0
bqut0002,Other,Judaea,,other/unkown,Other,christian,430.0
bshe0009,Greek,Jordan,Other,dedicatory,Other,unknown,522.0
bshe0024,Greek,Jordan,stone,funerary,Other,christian,567.0
bshe0025,Greek,Jordan,stone,funerary,Other,christian,567.0
bshe0160,Latin,Jordan,limestone,dedicatory,Other,other_religion,130.0
byis0001,Greek,Coastal Plain,stone,funerary,Other,christian,505.0
caes0007,Latin,Coastal Plain,marble,dedicatory,Other,other_religion,232.0
caes0057,Greek,Coastal Plain,Other,dedicatory,Other,christian,500.0
caes0055,Greek,Coastal Plain,limestone,dedicatory,Other,other_religion,385.0
caes0107,Latin,Coastal Plain,,dedicatory,Other,other_religion,238.0
caes0556,Greek,Coastal Plain,metal,label,Other,other_religion,52.0
caes0685,Greek,Coastal Plain,Other,label,Other,unknown,536.0
elus0006,Greek,Negev,limestone,funerary,Other,christian,603.0
elus0020,Greek,Negev,,funerary,Other,christian,564.0
elus0040,Greek,Negev,limestone,funerary,Other,christian,578.0
evro0007,Greek,Galilee,stone,other/unkown,Other,christian,415.0
evro0008,Greek,Galilee,stone,other/unkown,Other,christian,490.0
evro0014,Other,Galilee,,other/unkown,Other,christian,415.0
fein0002,Greek,Negev,stone,funerary,Other,christian,592.0
fein0001,Greek,Negev,stone,funerary,Other,christian,592.0
fein0003,Greek,Negev,stone,funerary,Other,christian,592.0
gaza0102,Greek,Coastal Plain,stone,dedicatory,Other,christian,732.0
gaza0105,Greek,Coastal Plain,stone,dedicatory,Other,christian,528.0
gaza0117,Greek,Coastal Plain,stone,funerary,Other,christian,450.0
gaza0115,Greek,Coastal Plain,stone,dedicatory,Other,christian,594.0
gaza0112,Greek,Coastal Plain,stone,dedicatory,Other,christian,549.0
gera0001,Greek,Coastal Plain,stone,dedicatory,Other,christian,599.0
hamm0001,Greek,Galilee,marble,other/unkown,Other,unknown,455.0
hamm0002,Greek,Galilee,marble,dedicatory,Other,christian,455.0
hamm0054,Greek,Galilee,marble,dedicatory,Other,christian,662.0
hazo0002,Greek,Coastal Plain,stone,dedicatory,Other,christian,512.0
hazo0001,Greek,Coastal Plain,stone,dedicatory,Other,christian,512.0
hazo0003,Greek,Coastal Plain,stone,dedicatory,Other,christian,512.0
hazo0004,Greek,Coastal Plain,stone,dedicatory,Other,christian,512.0
idum0001,Aramaic,Negev,clay,legal/economic,Other,unknown,-359.0
idum0010a,Aramaic,Negev,clay,other/unkown,Other,other_religion,-355.0
idum0007,Aramaic,Negev,clay,legal/economic,Other,unknown,-356.0
idum0008,Aramaic,Negev,clay,legal/economic,Other,unknown,-355.0
idum0011,Aramaic,Negev,clay,legal/economic,Other,unknown,-355.0
idum0012,Aramaic,Negev,clay,legal/economic,Other,unknown,-355.0
idum0006,Aramaic,Negev,clay,legal/economic,Other,unknown,-356.0
idum0024,Aramaic,Negev,clay,legal/economic,Other,other_religion,-354.0
idum0015,Aramaic,Negev,clay,legal/economic,Other,unknown,-354.0
idum0023,Aramaic,Negev,clay,legal/economic,Other,unknown,-354.0
idum0019,Aramaic,Negev,clay,legal/economic,Other,unknown,-354.0
idum0022,Aramaic,Negev,clay,legal/economic,Other,unknown,-354.0
idum0018,Aramaic,Negev,clay,legal/economic,Other,other_religion,-354.0
idum0017,Aramaic,Negev,clay,legal/economic,Other,unknown,-354.0
idum0021,Aramaic,Negev,clay,legal/economic,Other,other_religion,-354.0
idum0028,Aramaic,Negev,clay,legal/economic,Other,unknown,-352.0
idum0026,Aramaic,Negev,clay,legal/economic,Other,unknown,-354.0
idum0029,Aramaic,Negev,clay,legal/economic,Other,unknown,-346.0
idum0025,Aramaic,Negev,clay,legal/economic,Other,unknown,-354.0
idum0032,Aramaic,Negev,clay,legal/economic,Other,unknown,-338.0
idum0030,Aramaic,Negev,clay,legal/economic,Other,unknown,-343.0
idum0033,Aramaic,Negev,clay,legal/economic,Other,unknown,-336.0
idum0034,Aramaic,Negev,clay,legal/economic,Other,unknown,-336.0
idum0036,Aramaic,Negev,clay,legal/economic,Other,unknown,-336.0
idum0035,Aramaic,Negev,clay,legal/economic,Other,unknown,-336.0
idum0037,Aramaic,Negev,clay,legal/economic,Other,unknown,-336.0
idum0042,Aramaic,Negev,clay,legal/economic,Other,unknown,-354.0
idum0059,Aramaic,Negev,clay,legal/economic,Other,jewish,-355.0
idum0057,Aramaic,Negev,clay,legal/economic,Other,jewish,-358.0
idum0058,Aramaic,Negev,clay,legal/economic,Other,jewish,-357.0
idum0066,Aramaic,Negev,clay,legal/economic,Other,jewish,-353.0
idum0067,Aramaic,Negev,clay,legal/economic,Other,jewish,-353.0
idum0062,Aramaic,Negev,clay,legal/economic,Other,jewish,-354.0
idum0065,Aramaic,Negev,clay,legal/economic,Other,jewish,-353.0
idum0063,Aramaic,Negev,clay,legal/economic,Other,jewish,-354.0
idum0061,Aramaic,Negev,clay,legal/economic,Other,jewish,-354.0
idum0068,Aramaic,Negev,clay,legal/economic,Other,jewish,-354.0
idum0060,Aramaic,Negev,clay,legal/economic,Other,jewish,-355.0
idum0078,Aramaic,Negev,clay,legal/economic,Other,jewish,-336.0
idum0075,Aramaic,Negev,clay,legal/economic,Other,jewish,-343.0
idum0069,Aramaic,Negev,clay,legal/economic,Other,jewish,-351.0
idum0076,Aramaic,Negev,clay,legal/economic,Other,jewish,-336.0
idum0086,Aramaic,Negev,clay,legal/economic,Other,jewish,-335.0
idum0079,Aramaic,Negev,clay,legal/economic,Other,jewish,-336.0
idum0098,Aramaic,Negev,clay,legal/economic,Other,jewish,-315.0
idum0100,Aramaic,Negev,clay,legal/economic,Other,jewish,-313.0
idum0101,Aramaic,Negev,clay,legal/economic,Other,jewish,-313.0
idum0105,Aramaic,Negev,clay,legal/economic,Other,other_religion,-361.0
idum0113,Aramaic,Negev,clay,legal/economic,Other,other_religion,-355.0
idum0108,Aramaic,Negev,clay,legal/economic,Other,other_religion,-358.0
idum0107,Aramaic,Negev,clay,legal/economic,Other,other_religion,-358.0
idum0110,Aramaic,Negev,clay,legal/economic,Other,other_religion,-357.0
idum0123,Aramaic,Negev,clay,legal/economic,Other,other_religion,-349.0
idum0120,Aramaic,Negev,clay,legal/economic,Other,other_religion,-351.0
idum0118,Aramaic,Negev,clay,legal/economic,Other,other_religion,-353.0
idum0122,Aramaic,Negev,clay,legal/economic,Other,other_religion,-349.0
idum0126,Aramaic,Negev,clay,legal/economic,Other,other_religion,-338.0
idum0128,Aramaic,Negev,clay,legal/economic,Other,other_religion,-336.0
idum0125,Aramaic,Negev,clay,legal/economic,Other,other_religion,-339.0
idum0124,Aramaic,Negev,clay,legal/economic,Other,other_religion,-342.0
idum0143,Aramaic,Negev,clay,legal/economic,Other,other_religion,-311.0
idum0145,Aramaic,Negev,clay,other/unkown,Other,other_religion,-362.0
idum0142,Aramaic,Negev,clay,legal/economic,Other,other_religion,-315.0
idum0146,Aramaic,Negev,clay,other/unkown,Other,other_religion,-362.0
idum0149,Aramaic,Negev,clay,other/unkown,Other,other_religion,-359.0
idum0155,Aramaic,Negev,clay,other/unkown,Other,other_religion,-359.0
idum0153,Aramaic,Negev,clay,other/unkown,Other,other_religion,-359.0
idum0157,Aramaic,Negev,clay,other/unkown,Other,other_religion,-359.0
idum0156,Aramaic,Negev,clay,other/unkown,Other,other_religion,-359.0
idum0159,Aramaic,Negev,clay,other/unkown,Other,other_religion,-358.0
idum0152,Aramaic,Negev,clay,other/unkown,Other,other_religion,-359.0
idum0166,Aramaic,Negev,clay,other/unkown,Other,other_religion,-354.0
idum0168,Aramaic,Negev,clay,other/unkown,Other,other_religion,-353.0
idum0165,Aramaic,Negev,clay,other/unkown,Other,other_religion,-354.0
idum0160,Aramaic,Negev,clay,other/unkown,Other,other_religion,-358.0
idum0164,Aramaic,Negev,clay,other/unkown,Other,other_religion,-356.0
idum0162,Aramaic,Negev,clay,other/unkown,Other,other_religion,-356.0
idum0161,Aramaic,Negev,clay,other/unkown,Other,other_religion,-357.0
idum0169,Aramaic,Negev,clay,other/unkown,Other,other_religion,-351.0
idum0205,Aramaic,Negev,clay,legal/economic,Other,other_religion,-362.0
idum0207,Aramaic,Negev,clay,legal/economic,Other,other_religion,-345.0
idum0212,Aramaic,Negev,clay,legal/economic,Other,other_religion,-343.0
idum0216,Aramaic,Negev,clay,legal/economic,Other,other_religion,-340.0
idum0220,Aramaic,Negev,clay,legal/economic,Other,other_religion,-338.0
idum0225,Aramaic,Negev,clay,legal/economic,Other,other_religion,-352.0
idum0297,Aramaic,Negev,clay,other/unkown,Other,other_religion,-362.0
idum0227,Aramaic,Negev,clay,legal/economic,Other,other_religion,-357.0
idum0295,Aramaic,Negev,clay,other/unkown,Other,other_religion,-362.0
idum0296,Aramaic,Negev,clay,other/unkown,Other,other_religion,-362.0
idum0306,Aramaic,Negev,clay,other/unkown,Other,other_religion,-361.0
idum0303,Aramaic,Negev,clay,other/unkown,Other,other_religion,-361.0
idum0301,Aramaic,Negev,clay,other/unkown,Other,other_religion,-361.0
idum0300,Aramaic,Negev,clay,other/unkown,Other,other_religion,-361.0
idum0299,Aramaic,Negev,clay,other/unkown,Other,other_religion,-361.0
idum0304,Aramaic,Negev,clay,other/unkown,Other,other_religion,-361.0
idum0312,Aramaic,Negev,clay,other/unkown,Other,other_religion,-359.0
idum0310,Aramaic,Negev,clay,other/unkown,Other,other_religion,-361.0
idum0309a,Aramaic,Negev,clay,other/unkown,Other,other_religion,-361.0
idum0307,Aramaic,Negev,clay,other/unkown,Other,other_religion,-361.0
idum0309b,Aramaic,Negev,clay,other/unkown,Other,other_religion,-361.0
idum0315,Aramaic,Negev,clay,other/unkown,Other,other_religion,-359.0
idum0317,Aramaic,Negev,clay,other/unkown,Other,other_religion,-346.0
idum0316,Aramaic,Negev,clay,other/unkown,Other,other_religion,-355.0
idum0332,Aramaic,Negev,clay,other/unkown,Other,other_religion,-352.0
idum0328,Aramaic,Negev,clay,other/unkown,Other,other_religion,-353.0
idum0333,Aramaic,Negev,clay,other/unkown,Other,other_religion,-352.0
idum0327,Aramaic,Negev,clay,other/unkown,Other,other_religion,-354.0
idum0334,Aramaic,Negev,clay,other/unkown,Other,other_religion,-352.0
idum0375,Aramaic,Negev,clay,legal/economic,Other,other_religion,-357.0
idum0376,Aramaic,Negev,clay,legal/economic,Other,other_religion,-357.0
idum0341,Aramaic,Negev,clay,legal/economic,Other,other_religion,-365.0
idum0335,Aramaic,Negev,clay,other/unkown,Other,other_religion,-352.0
idum0336,Aramaic,Negev,clay,other/unkown,Other,other_religion,-349.0
idum0420,Aramaic,Negev,clay,other/unkown,Other,other_religion,-356.0
idum0422,Aramaic,Negev,clay,other/unkown,Other,other_religion,-353.0
idum0424,Aramaic,Negev,clay,other/unkown,Other,other_religion,-341.0
idum0425,Aramaic,Negev,clay,other/unkown,Other,other_religion,-315.0
idum0436,Aramaic,Negev,clay,other/unkown,Other,other_religion,-356.0
idum0435,Aramaic,Negev,clay,other/unkown,Other,other_religion,-358.0
idum0438,Aramaic,Negev,clay,other/unkown,Other,other_religion,-344.0
idum0437,Aramaic,Negev,clay,other/unkown,Other,other_religion,-354.0
idum0449,Aramaic,Negev,clay,other/unkown,Other,other_religion,-356.0
idum0447,Aramaic,Negev,clay,other/unkown,Other,other_religion,-362.0
idum0448,Aramaic,Negev,clay,other/unkown,Other,other_religion,-357.0
idum0452,Aramaic,Negev,clay,other/unkown,Other,other_religion,-353.0
idum0455,Aramaic,Negev,clay,other/unkown,Other,other_religion,-315.0
idum0454,Aramaic,Negev,clay,other/unkown,Other,other_religion,-344.0
idum0450,Aramaic,Negev,clay,other/unkown,Other,other_religion,-356.0
idum0461,Aramaic,Negev,clay,legal/economic,Other,jewish,-356.0
idum0464,Aramaic,Negev,clay,legal/economic,Other,jewish,-355.0
idum0460,Aramaic,Negev,clay,legal/economic,Other,jewish,-358.0
idum0465,Aramaic,Negev,clay,legal/economic,Other,jewish,-355.0
idum0466,Aramaic,Negev,clay,legal/economic,Other,jewish,-344.0
idum0477,Aramaic,Negev,clay,legal/economic,Other,jewish,-316.0
idum0473,Aramaic,Negev,clay,legal/economic,Other,jewish,-362.0
idum0474,Aramaic,Negev,clay,legal/economic,Other,jewish,-356.0
idum0480,Aramaic,Negev,clay,other/unkown,Other,other_religion,-352.0
idum0479,Aramaic,Negev,clay,other/unkown,Other,other_religion,-353.0
idum0486,Aramaic,Negev,clay,other/unkown,Other,other_religion,-337.0
idum0493,Aramaic,Negev,clay,other/unkown,Other,other_religion,-338.0
idum0487,Aramaic,Negev,clay,other/unkown,Other,other_religion,-358.0
idum0489,Aramaic,Negev,clay,other/unkown,Other,other_religion,-344.0
idum0497,Aramaic,Negev,clay,other/unkown,Other,other_religion,-362.0
idum0508,Aramaic,Negev,clay,legal/economic,Other,jewish,-344.0
idum0509,Aramaic,Negev,clay,legal/economic,Other,jewish,-342.0
idum0520,Aramaic,Negev,clay,legal/economic,Other,jewish,-338.0
idum0521,Aramaic,Negev,clay,legal/economic,Other,jewish,-320.0
idum0518,Aramaic,Negev,clay,legal/economic,Other,jewish,-352.0
idum0523,Aramaic,Negev,clay,legal/economic,Other,jewish,-362.0
idum0531a,Aramaic,Negev,clay,legal/economic,Other,jewish,-357.0
idum0524,Aramaic,Negev,clay,legal/economic,Other,jewish,-346.0
idum0527,Aramaic,Negev,clay,legal/economic,Other,jewish,-343.0
idum0526,Aramaic,Negev,clay,legal/economic,Other,jewish,-344.0
idum0525,Aramaic,Negev,clay,legal/economic,Other,jewish,-344.0
idum0531b,Aramaic,Negev,clay,legal/economic,Other,jewish,-357.0
idum0534,Aramaic,Negev,clay,legal/economic,Other,jewish,-362.0
idum0537b,Aramaic,Negev,clay,legal/economic,Other,jewish,-340.0
idum0537a,Aramaic,Negev,clay,legal/economic,Other,jewish,-340.0
idum0535,Aramaic,Negev,clay,legal/economic,Other,jewish,-345.0
idum0536,Aramaic,Negev,clay,legal/economic,Other,jewish,-344.0
idum0548,Aramaic,Negev,clay,legal/economic,Other,jewish,-353.0
idum0544,Aramaic,Negev,clay,legal/economic,Other,jewish,-356.0
idum0546,Aramaic,Negev,clay,legal/economic,Other,jewish,-344.0
idum0545,Aramaic,Negev,clay,legal/economic,Other,jewish,-355.0
idum0553,Aramaic,Negev,clay,legal/economic,Other,jewish,-349.0
idum0554,Aramaic,Negev,clay,legal/economic,Other,jewish,-344.0
idum0562,Aramaic,Negev,clay,legal/economic,Other,jewish,-353.0
idum0563,Aramaic,Negev,clay,legal/economic,Other,jewish,-344.0
idum0564,Aramaic,Negev,clay,legal/economic,Other,jewish,-344.0
idum0573,Aramaic,Negev,clay,legal/economic,Other,jewish,-358.0
idum0575,Aramaic,Negev,clay,legal/economic,Other,jewish,-314.0
idum0574,Aramaic,Negev,clay,legal/economic,Other,jewish,-336.0
idum0570,Aramaic,Negev,clay,legal/economic,Other,jewish,-337.0
idum0568,Aramaic,Negev,clay,legal/economic,Other,jewish,-353.0
idum0569,Aramaic,Negev,clay,legal/economic,Other,jewish,-344.0
idum0579,Aramaic,Negev,clay,legal/economic,Other,jewish,-346.0
idum0589,Aramaic,Negev,clay,legal/economic,Other,jewish,-315.0
idum0590,Aramaic,Negev,clay,legal/economic,Other,jewish,-352.0
idum0592,Aramaic,Negev,clay,legal/economic,Other,jewish,-356.0
idum0591,Aramaic,Negev,clay,legal/economic,Other,jewish,-357.0
idum0601,Aramaic,Negev,clay,legal/economic,Other,jewish,-315.0
idum0602,Aramaic,Negev,clay,legal/economic,Other,jewish,-315.0
idum0596,Aramaic,Negev,clay,legal/economic,Other,jewish,-356.0
idum0600,Aramaic,Negev,clay,legal/economic,Other,jewish,-316.0
idum0608,Aramaic,Negev,clay,legal/economic,Other,jewish,-353.0
idum0615,Aramaic,Negev,clay,legal/economic,Other,jewish,-352.0
idum0619,Aramaic,Negev,clay,legal/economic,Other,jewish,-352.0
idum0613,Aramaic,Negev,clay,legal/economic,Other,jewish,-357.0
idum0618a,Aramaic,Negev,clay,legal/economic,Other,jewish,-357.0
idum0614,Aramaic,Negev,clay,legal/economic,Other,jewish,-356.0
idum0618b,Aramaic,Negev,clay,legal/economic,Other,jewish,-357.0
idum0623,Aramaic,Negev,clay,legal/economic,Other,jewish,-359.0
idum0625,Aramaic,Negev,clay,legal/economic,Other,jewish,-350.0
idum0624,Aramaic,Negev,clay,legal/economic,Other,jewish,-357.0
idum0635,Aramaic,Negev,clay,legal/economic,Other,jewish,-353.0
idum0636,Aramaic,Negev,clay,legal/economic,Other,jewish,-353.0
idum0631,Aramaic,Negev,clay,legal/economic,Other,jewish,-344.0
idum0638,Aramaic,Negev,clay,legal/economic,Other,jewish,-344.0
idum0632,Aramaic,Negev,clay,legal/economic,Other,jewish,-362.0
idum0645,Aramaic,Negev,clay,legal/economic,Other,jewish,-353.0
idum0643,Aramaic,Negev,clay,legal/economic,Other,jewish,-362.0
idum0640,Aramaic,Negev,clay,legal/economic,Other,jewish,-359.0
idum0644,Aramaic,Negev,clay,legal/economic,Other,jewish,-361.0
idum0647,Aramaic,Negev,clay,legal/economic,Other,jewish,-347.0
idum0648,Aramaic,Negev,clay,legal/economic,Other,jewish,-344.0
idum0642,Aramaic,Negev,clay,legal/economic,Other,jewish,-346.0
idum0649,Aramaic,Negev,clay,legal/economic,Other,jewish,-336.0
idum0650,Aramaic,Negev,clay,legal/economic,Other,jewish,-336.0
idum0653,Aramaic,Negev,clay,legal/economic,Other,jewish,-344.0
idum0652,Aramaic,Negev,clay,legal/economic,Other,jewish,-356.0
idum0666,Aramaic,Negev,clay,legal/economic,Other,jewish,-363.0
idum0661,Aramaic,Negev,clay,legal/economic,Other,jewish,-357.0
idum0660,Aramaic,Negev,clay,legal/economic,Other,jewish,-359.0
idum0673,Aramaic,Negev,clay,legal/economic,Other,jewish,-358.0
idum0672,Aramaic,Negev,clay,legal/economic,Other,jewish,-317.0
idum0668,Aramaic,Negev,clay,legal/economic,Other,jewish,-317.0
idum0671,Aramaic,Negev,clay,legal/economic,Other,jewish,-317.0
idum0670,Aramaic,Negev,clay,legal/economic,Other,jewish,-356.0
idum0678,Aramaic,Negev,clay,legal/economic,Other,jewish,-315.0
idum0676,Aramaic,Negev,clay,legal/economic,Other,jewish,-349.0
idum0677,Aramaic,Negev,clay,legal/economic,Other,jewish,-336.0
idum0682,Aramaic,Negev,clay,legal/economic,Other,jewish,-349.0
irab0001,Greek,Galilee,Other,dedicatory,Other,christian,445.0
jaba0002,Greek,Coastal Plain,material_unknown,dedicatory,Other,christian,732.0
jaba0001,Greek,Coastal Plain,material_unknown,dedicatory,Other,christian,530.0
jaff0086,Greek,Coastal Plain,marble,dedicatory,Other,other_religion,-217.0
jaff0098,Greek,Coastal Plain,clay,label,Other,other_religion,-125.0
jera0010,Greek,Jordan,material_unknown,dedicatory,Other,christian,553.0
jera0007,Latin,Jordan,stone,dedicatory,Other,unknown,130.0
jera0006,Latin,Jordan,stone,dedicatory,Other,unknown,119.0
jeru0497,Latin,Judaea,limestone,dedicatory,Jerusalem,other_religion,138.0
jmon0006,Aramaic,Other,stone,other/unkown,Other,other_religion,219.0
kelm0001,Greek,Judaea,Other,dedicatory,Other,christian,490.0
kiss0001,Greek,Negev,material_unknown,dedicatory,Other,christian,576.0
kiss0002,Greek,Negev,Other,dedicatory,Other,christian,578.0
mare0010,Greek,Judaea,clay,label,Other,other_religion,-145.0
mare0227,Greek,Judaea,limestone,other/unkown,Other,other_religion,-178.0
zoor0463,Aramaic,Negev,stone,funerary,Other,jewish,429.0
hesh0005,Greek,Other,stone,dedicatory,Other,christian,512.0
hesh0001,Greek,Galilee,stone,dedicatory,Other,christian,519.0
hesh0002,Greek,Galilee,stone,other/unkown,Other,christian,512.0
hesh0003,Greek,Galilee,stone,other/unkown,Other,christian,512.0
hesh0004,Greek,Galilee,stone,other/unkown,Other,christian,512.0
